PlayerName,Date,SessionType,Variable,Value
Madeline,23/6/20,Match,Total Distance (m),12051.9
Madeline,23/6/20,Match,Total Duration (min),91.9
Madeline,23/6/20,Match,Total HIR (m),3264.9
Madeline,23/6/20,Match,Sprint Distance (m),341.6
Madeline,23/6/20,Match,Metres per Minute (m/min),131.1
Madeline,23/6/20,Match,Max Velocity (km/hr),29.8
Kaylie,23/6/20,Match,Total Distance (m),11485
Kaylie,23/6/20,Match,Total Duration (min),94.9
Kaylie,23/6/20,Match,Total HIR (m),2886.3
Kaylie,23/6/20,Match,Sprint Distance (m),171.8
Kaylie,23/6/20,Match,Metres per Minute (m/min),121
Kaylie,23/6/20,Match,Max Velocity (km/hr),29.7
Rachel,11/6/20,Main Training,Total Distance (m),7899.1
Rachel,11/6/20,Main Training,Total Duration (min),76.8
Rachel,11/6/20,Main Training,Total HIR (m),1800.2
Rachel,11/6/20,Main Training,Sprint Distance (m),130.8
Rachel,11/6/20,Main Training,Metres per Minute (m/min),102.9
Rachel,11/6/20,Main Training,Max Velocity (km/hr),29.5
Danielle,15/6/20,Match,Total Distance (m),12252.5
Danielle,15/6/20,Match,Total Duration (min),103.1
Danielle,15/6/20,Match,Total HIR (m),3734.4
Danielle,15/6/20,Match,Sprint Distance (m),405.2
Danielle,15/6/20,Match,Metres per Minute (m/min),118.8
Danielle,15/6/20,Match,Max Velocity (km/hr),29.4
Madeline,15/6/20,Match,Total Distance (m),14882.8
Madeline,15/6/20,Match,Total Duration (min),114.6
Madeline,15/6/20,Match,Total HIR (m),3778.3
Madeline,15/6/20,Match,Sprint Distance (m),187.2
Madeline,15/6/20,Match,Metres per Minute (m/min),129.9
Madeline,15/6/20,Match,Max Velocity (km/hr),29.1
Rachel,15/6/20,Match,Total Distance (m),15777.3
Rachel,15/6/20,Match,Total Duration (min),123.5
Rachel,15/6/20,Match,Total HIR (m),4401
Rachel,15/6/20,Match,Sprint Distance (m),239.7
Rachel,15/6/20,Match,Metres per Minute (m/min),127.8
Rachel,15/6/20,Match,Max Velocity (km/hr),28.9
Danielle,2/6/20,Match,Total Distance (m),12449.1
Danielle,2/6/20,Match,Total Duration (min),103.1
Danielle,2/6/20,Match,Total HIR (m),3450.9
Danielle,2/6/20,Match,Sprint Distance (m),223.9
Danielle,2/6/20,Match,Metres per Minute (m/min),120.7
Danielle,2/6/20,Match,Max Velocity (km/hr),28.7
Sara,2/6/20,Match,Total Distance (m),14199.3
Sara,2/6/20,Match,Total Duration (min),123.8
Sara,2/6/20,Match,Total HIR (m),2706.5
Sara,2/6/20,Match,Sprint Distance (m),203.7
Sara,2/6/20,Match,Metres per Minute (m/min),114.7
Sara,2/6/20,Match,Max Velocity (km/hr),28.6
Sara,29/6/20,Match,Total Distance (m),13112.5
Sara,29/6/20,Match,Total Duration (min),116.4
Sara,29/6/20,Match,Total HIR (m),2045.2
Sara,29/6/20,Match,Sprint Distance (m),252.2
Sara,29/6/20,Match,Metres per Minute (m/min),112.7
Sara,29/6/20,Match,Max Velocity (km/hr),28.6
Madeline,2/6/20,Match,Total Distance (m),13941.2
Madeline,2/6/20,Match,Total Duration (min),111.9
Madeline,2/6/20,Match,Total HIR (m),3190.3
Madeline,2/6/20,Match,Sprint Distance (m),313
Madeline,2/6/20,Match,Metres per Minute (m/min),124.6
Madeline,2/6/20,Match,Max Velocity (km/hr),28.5
Paula,23/6/20,Match,Total Distance (m),11767.4
Paula,23/6/20,Match,Total Duration (min),84.2
Paula,23/6/20,Match,Total HIR (m),4658.5
Paula,23/6/20,Match,Sprint Distance (m),363.2
Paula,23/6/20,Match,Metres per Minute (m/min),139.8
Paula,23/6/20,Match,Max Velocity (km/hr),28.5
Danielle,29/6/20,Match,Total Distance (m),10436.3
Danielle,29/6/20,Match,Total Duration (min),90.8
Danielle,29/6/20,Match,Total HIR (m),3086.3
Danielle,29/6/20,Match,Sprint Distance (m),223.3
Danielle,29/6/20,Match,Metres per Minute (m/min),114.9
Danielle,29/6/20,Match,Max Velocity (km/hr),28.4
Danielle,23/6/20,Match,Total Distance (m),11094.6
Danielle,23/6/20,Match,Total Duration (min),91.8
Danielle,23/6/20,Match,Total HIR (m),3483.6
Danielle,23/6/20,Match,Sprint Distance (m),347.8
Danielle,23/6/20,Match,Metres per Minute (m/min),120.9
Danielle,23/6/20,Match,Max Velocity (km/hr),28.1
Rachel,23/6/20,Match,Total Distance (m),14129.6
Rachel,23/6/20,Match,Total Duration (min),105
Rachel,23/6/20,Match,Total HIR (m),4220.5
Rachel,23/6/20,Match,Sprint Distance (m),167.8
Rachel,23/6/20,Match,Metres per Minute (m/min),134.6
Rachel,23/6/20,Match,Max Velocity (km/hr),28.1
Danielle,27/6/20,Main Training,Total Distance (m),5295
Danielle,27/6/20,Main Training,Total Duration (min),65
Danielle,27/6/20,Main Training,Total HIR (m),944.3
Danielle,27/6/20,Main Training,Sprint Distance (m),96.1
Danielle,27/6/20,Main Training,Metres per Minute (m/min),81.5
Danielle,27/6/20,Main Training,Max Velocity (km/hr),28.1
Kaylie,15/6/20,Match,Total Distance (m),12694.6
Kaylie,15/6/20,Match,Total Duration (min),110.7
Kaylie,15/6/20,Match,Total HIR (m),2963.8
Kaylie,15/6/20,Match,Sprint Distance (m),136
Kaylie,15/6/20,Match,Metres per Minute (m/min),114.7
Kaylie,15/6/20,Match,Max Velocity (km/hr),28.1
Alyssa,15/6/20,Match,Total Distance (m),14771
Alyssa,15/6/20,Match,Total Duration (min),118.8
Alyssa,15/6/20,Match,Total HIR (m),3381.6
Alyssa,15/6/20,Match,Sprint Distance (m),35.6
Alyssa,15/6/20,Match,Metres per Minute (m/min),124.3
Alyssa,15/6/20,Match,Max Velocity (km/hr),28
Sara,20/6/20,Main Training,Total Distance (m),5413.2
Sara,20/6/20,Main Training,Total Duration (min),58.2
Sara,20/6/20,Main Training,Total HIR (m),980.4
Sara,20/6/20,Main Training,Sprint Distance (m),57.3
Sara,20/6/20,Main Training,Metres per Minute (m/min),93
Sara,20/6/20,Main Training,Max Velocity (km/hr),27.8
Rachel,2/6/20,Match,Total Distance (m),14183.5
Rachel,2/6/20,Match,Total Duration (min),112.5
Rachel,2/6/20,Match,Total HIR (m),3511.1
Rachel,2/6/20,Match,Sprint Distance (m),219.6
Rachel,2/6/20,Match,Metres per Minute (m/min),126.1
Rachel,2/6/20,Match,Max Velocity (km/hr),27.8
Madeline,29/6/20,Match,Total Distance (m),11697.3
Madeline,29/6/20,Match,Total Duration (min),96.2
Madeline,29/6/20,Match,Total HIR (m),2510.9
Madeline,29/6/20,Match,Sprint Distance (m),110.6
Madeline,29/6/20,Match,Metres per Minute (m/min),121.6
Madeline,29/6/20,Match,Max Velocity (km/hr),27.6
Danielle,11/6/20,Main Training,Total Distance (m),6836.9
Danielle,11/6/20,Main Training,Total Duration (min),76.8
Danielle,11/6/20,Main Training,Total HIR (m),1497.8
Danielle,11/6/20,Main Training,Sprint Distance (m),88.7
Danielle,11/6/20,Main Training,Metres per Minute (m/min),89
Danielle,11/6/20,Main Training,Max Velocity (km/hr),27.6
Paula,15/6/20,Match,Total Distance (m),13864
Paula,15/6/20,Match,Total Duration (min),108.4
Paula,15/6/20,Match,Total HIR (m),4856.4
Paula,15/6/20,Match,Sprint Distance (m),261.5
Paula,15/6/20,Match,Metres per Minute (m/min),127.9
Paula,15/6/20,Match,Max Velocity (km/hr),27.6
Mariah,23/6/20,Match,Total Distance (m),12812.1
Mariah,23/6/20,Match,Total Duration (min),113.7
Mariah,23/6/20,Match,Total HIR (m),2376.3
Mariah,23/6/20,Match,Sprint Distance (m),80
Mariah,23/6/20,Match,Metres per Minute (m/min),112.7
Mariah,23/6/20,Match,Max Velocity (km/hr),27.6
Paula,2/6/20,Match,Total Distance (m),12465
Paula,2/6/20,Match,Total Duration (min),90.6
Paula,2/6/20,Match,Total HIR (m),3828
Paula,2/6/20,Match,Sprint Distance (m),200.7
Paula,2/6/20,Match,Metres per Minute (m/min),137.6
Paula,2/6/20,Match,Max Velocity (km/hr),27.5
Rachel,29/6/20,Match,Total Distance (m),14702.2
Rachel,29/6/20,Match,Total Duration (min),110.9
Rachel,29/6/20,Match,Total HIR (m),3359.7
Rachel,29/6/20,Match,Sprint Distance (m),162.8
Rachel,29/6/20,Match,Metres per Minute (m/min),132.6
Rachel,29/6/20,Match,Max Velocity (km/hr),27.5
Mariah,2/6/20,Match,Total Distance (m),11612.4
Mariah,2/6/20,Match,Total Duration (min),109.8
Mariah,2/6/20,Match,Total HIR (m),1890.8
Mariah,2/6/20,Match,Sprint Distance (m),54.1
Mariah,2/6/20,Match,Metres per Minute (m/min),105.8
Mariah,2/6/20,Match,Max Velocity (km/hr),27.4
Brianna,29/6/20,Match,Total Distance (m),13590
Brianna,29/6/20,Match,Total Duration (min),103.4
Brianna,29/6/20,Match,Total HIR (m),2752.4
Brianna,29/6/20,Match,Sprint Distance (m),58.8
Brianna,29/6/20,Match,Metres per Minute (m/min),131.4
Brianna,29/6/20,Match,Max Velocity (km/hr),27.4
Brianna,2/6/20,Match,Total Distance (m),13737.2
Brianna,2/6/20,Match,Total Duration (min),105
Brianna,2/6/20,Match,Total HIR (m),3886.5
Brianna,2/6/20,Match,Sprint Distance (m),106.7
Brianna,2/6/20,Match,Metres per Minute (m/min),130.8
Brianna,2/6/20,Match,Max Velocity (km/hr),27.3
Alyssa,6/6/20,Main Training,Total Distance (m),8880.1
Alyssa,6/6/20,Main Training,Total Duration (min),76.3
Alyssa,6/6/20,Main Training,Total HIR (m),2271.6
Alyssa,6/6/20,Main Training,Sprint Distance (m),102.4
Alyssa,6/6/20,Main Training,Metres per Minute (m/min),116.4
Alyssa,6/6/20,Main Training,Max Velocity (km/hr),27.3
Carly,23/6/20,Match,Total Distance (m),10670.5
Carly,23/6/20,Match,Total Duration (min),83.9
Carly,23/6/20,Match,Total HIR (m),2727.8
Carly,23/6/20,Match,Sprint Distance (m),94.5
Carly,23/6/20,Match,Metres per Minute (m/min),127.2
Carly,23/6/20,Match,Max Velocity (km/hr),27.1
Sara,15/6/20,Match,Total Distance (m),13749.1
Sara,15/6/20,Match,Total Duration (min),126.6
Sara,15/6/20,Match,Total HIR (m),2079.8
Sara,15/6/20,Match,Sprint Distance (m),112.3
Sara,15/6/20,Match,Metres per Minute (m/min),108.6
Sara,15/6/20,Match,Max Velocity (km/hr),27
Paula,20/6/20,Main Training,Total Distance (m),5400.9
Paula,20/6/20,Main Training,Total Duration (min),58.2
Paula,20/6/20,Main Training,Total HIR (m),1474.5
Paula,20/6/20,Main Training,Sprint Distance (m),168.2
Paula,20/6/20,Main Training,Metres per Minute (m/min),92.8
Paula,20/6/20,Main Training,Max Velocity (km/hr),26.9
Alexa,2/6/20,Match,Total Distance (m),14533.9
Alexa,2/6/20,Match,Total Duration (min),110.8
Alexa,2/6/20,Match,Total HIR (m),4020.6
Alexa,2/6/20,Match,Sprint Distance (m),122.2
Alexa,2/6/20,Match,Metres per Minute (m/min),131.2
Alexa,2/6/20,Match,Max Velocity (km/hr),26.8
Alexa,20/6/20,Main Training,Total Distance (m),5706.5
Alexa,20/6/20,Main Training,Total Duration (min),58.2
Alexa,20/6/20,Main Training,Total HIR (m),1317.1
Alexa,20/6/20,Main Training,Sprint Distance (m),67.3
Alexa,20/6/20,Main Training,Metres per Minute (m/min),98
Alexa,20/6/20,Main Training,Max Velocity (km/hr),26.8
Mariah,29/6/20,Match,Total Distance (m),12141.9
Mariah,29/6/20,Match,Total Duration (min),114.7
Mariah,29/6/20,Match,Total HIR (m),1988
Mariah,29/6/20,Match,Sprint Distance (m),34
Mariah,29/6/20,Match,Metres per Minute (m/min),105.9
Mariah,29/6/20,Match,Max Velocity (km/hr),26.7
Danielle,6/6/20,Main Training,Total Distance (m),7301.4
Danielle,6/6/20,Main Training,Total Duration (min),76.3
Danielle,6/6/20,Main Training,Total HIR (m),1695.3
Danielle,6/6/20,Main Training,Sprint Distance (m),84.1
Danielle,6/6/20,Main Training,Metres per Minute (m/min),95.7
Danielle,6/6/20,Main Training,Max Velocity (km/hr),26.7
Carly,29/6/20,Match,Total Distance (m),12135.6
Carly,29/6/20,Match,Total Duration (min),95.8
Carly,29/6/20,Match,Total HIR (m),2720.9
Carly,29/6/20,Match,Sprint Distance (m),65.1
Carly,29/6/20,Match,Metres per Minute (m/min),126.7
Carly,29/6/20,Match,Max Velocity (km/hr),26.6
Brianna,27/6/20,Main Training,Total Distance (m),6352
Brianna,27/6/20,Main Training,Total Duration (min),65
Brianna,27/6/20,Main Training,Total HIR (m),1336.9
Brianna,27/6/20,Main Training,Sprint Distance (m),83.7
Brianna,27/6/20,Main Training,Metres per Minute (m/min),97.7
Brianna,27/6/20,Main Training,Max Velocity (km/hr),26.5
Sophie,13/6/20,Technical Skills,Total Distance (m),5318.7
Sophie,13/6/20,Technical Skills,Total Duration (min),61.6
Sophie,13/6/20,Technical Skills,Total HIR (m),725.8
Sophie,13/6/20,Technical Skills,Sprint Distance (m),27.6
Sophie,13/6/20,Technical Skills,Metres per Minute (m/min),86.3
Sophie,13/6/20,Technical Skills,Max Velocity (km/hr),26.5
Brianna,23/6/20,Match,Total Distance (m),13302.4
Brianna,23/6/20,Match,Total Duration (min),100.2
Brianna,23/6/20,Match,Total HIR (m),3826.7
Brianna,23/6/20,Match,Sprint Distance (m),82.8
Brianna,23/6/20,Match,Metres per Minute (m/min),132.8
Brianna,23/6/20,Match,Max Velocity (km/hr),26.4
Sara,6/6/20,Main Training,Total Distance (m),7379.7
Sara,6/6/20,Main Training,Total Duration (min),67.6
Sara,6/6/20,Main Training,Total HIR (m),1554.9
Sara,6/6/20,Main Training,Sprint Distance (m),44.1
Sara,6/6/20,Main Training,Metres per Minute (m/min),109.2
Sara,6/6/20,Main Training,Max Velocity (km/hr),26.3
Alyssa,23/6/20,Match,Total Distance (m),12345
Alyssa,23/6/20,Match,Total Duration (min),100.6
Alyssa,23/6/20,Match,Total HIR (m),2937.5
Alyssa,23/6/20,Match,Sprint Distance (m),134.3
Alyssa,23/6/20,Match,Metres per Minute (m/min),122.7
Alyssa,23/6/20,Match,Max Velocity (km/hr),26.3
Sara,23/6/20,Match,Total Distance (m),13467.3
Sara,23/6/20,Match,Total Duration (min),112.2
Sara,23/6/20,Match,Total HIR (m),2958.3
Sara,23/6/20,Match,Sprint Distance (m),139.6
Sara,23/6/20,Match,Metres per Minute (m/min),120
Sara,23/6/20,Match,Max Velocity (km/hr),26.2
Rachel,13/6/20,Technical Skills,Total Distance (m),5797
Rachel,13/6/20,Technical Skills,Total Duration (min),61.5
Rachel,13/6/20,Technical Skills,Total HIR (m),653.6
Rachel,13/6/20,Technical Skills,Sprint Distance (m),30.2
Rachel,13/6/20,Technical Skills,Metres per Minute (m/min),94.3
Rachel,13/6/20,Technical Skills,Max Velocity (km/hr),26.2
Madeline,11/6/20,Main Training,Total Distance (m),7435.9
Madeline,11/6/20,Main Training,Total Duration (min),72.3
Madeline,11/6/20,Main Training,Total HIR (m),1814.8
Madeline,11/6/20,Main Training,Sprint Distance (m),109.1
Madeline,11/6/20,Main Training,Metres per Minute (m/min),102.8
Madeline,11/6/20,Main Training,Max Velocity (km/hr),26.1
Kaylie,29/6/20,Match,Total Distance (m),12218.4
Kaylie,29/6/20,Match,Total Duration (min),98.8
Kaylie,29/6/20,Match,Total HIR (m),2892.2
Kaylie,29/6/20,Match,Sprint Distance (m),90.7
Kaylie,29/6/20,Match,Metres per Minute (m/min),123.7
Kaylie,29/6/20,Match,Max Velocity (km/hr),26.1
Alexa,15/6/20,Match,Total Distance (m),15568.8
Alexa,15/6/20,Match,Total Duration (min),120.7
Alexa,15/6/20,Match,Total HIR (m),4172
Alexa,15/6/20,Match,Sprint Distance (m),91.2
Alexa,15/6/20,Match,Metres per Minute (m/min),129
Alexa,15/6/20,Match,Max Velocity (km/hr),26.1
Alyssa,11/6/20,Main Training,Total Distance (m),8298.8
Alyssa,11/6/20,Main Training,Total Duration (min),76.8
Alyssa,11/6/20,Main Training,Total HIR (m),1698.8
Alyssa,11/6/20,Main Training,Sprint Distance (m),42.4
Alyssa,11/6/20,Main Training,Metres per Minute (m/min),108.1
Alyssa,11/6/20,Main Training,Max Velocity (km/hr),26.1
Alexa,23/6/20,Match,Total Distance (m),13931.5
Alexa,23/6/20,Match,Total Duration (min),100
Alexa,23/6/20,Match,Total HIR (m),4213.3
Alexa,23/6/20,Match,Sprint Distance (m),68.8
Alexa,23/6/20,Match,Metres per Minute (m/min),139.3
Alexa,23/6/20,Match,Max Velocity (km/hr),25.9
Brianna,15/6/20,Match,Total Distance (m),14377.5
Brianna,15/6/20,Match,Total Duration (min),114.1
Brianna,15/6/20,Match,Total HIR (m),3985
Brianna,15/6/20,Match,Sprint Distance (m),113.9
Brianna,15/6/20,Match,Metres per Minute (m/min),126
Brianna,15/6/20,Match,Max Velocity (km/hr),25.8
Mariah,15/6/20,Match,Total Distance (m),13538.9
Mariah,15/6/20,Match,Total Duration (min),122.8
Mariah,15/6/20,Match,Total HIR (m),2738.1
Mariah,15/6/20,Match,Sprint Distance (m),171.7
Mariah,15/6/20,Match,Metres per Minute (m/min),110.3
Mariah,15/6/20,Match,Max Velocity (km/hr),25.7
Alyssa,29/6/20,Match,Total Distance (m),12350.3
Alyssa,29/6/20,Match,Total Duration (min),94.8
Alyssa,29/6/20,Match,Total HIR (m),3058.5
Alyssa,29/6/20,Match,Sprint Distance (m),48.5
Alyssa,29/6/20,Match,Metres per Minute (m/min),130.3
Alyssa,29/6/20,Match,Max Velocity (km/hr),25.7
Brooke,13/6/20,Technical Skills,Total Distance (m),5057.4
Brooke,13/6/20,Technical Skills,Total Duration (min),61.6
Brooke,13/6/20,Technical Skills,Total HIR (m),1036.9
Brooke,13/6/20,Technical Skills,Sprint Distance (m),33.9
Brooke,13/6/20,Technical Skills,Metres per Minute (m/min),82.1
Brooke,13/6/20,Technical Skills,Max Velocity (km/hr),25.7
Carly,27/6/20,Main Training,Total Distance (m),5215.1
Carly,27/6/20,Main Training,Total Duration (min),65
Carly,27/6/20,Main Training,Total HIR (m),993.7
Carly,27/6/20,Main Training,Sprint Distance (m),39.3
Carly,27/6/20,Main Training,Metres per Minute (m/min),80.2
Carly,27/6/20,Main Training,Max Velocity (km/hr),25.5
Kaylie,11/6/20,Main Training,Total Distance (m),7528.8
Kaylie,11/6/20,Main Training,Total Duration (min),76.8
Kaylie,11/6/20,Main Training,Total HIR (m),1458.2
Kaylie,11/6/20,Main Training,Sprint Distance (m),58.8
Kaylie,11/6/20,Main Training,Metres per Minute (m/min),98
Kaylie,11/6/20,Main Training,Max Velocity (km/hr),25.5
Brianna,13/6/20,Technical Skills,Total Distance (m),5633.6
Brianna,13/6/20,Technical Skills,Total Duration (min),61.6
Brianna,13/6/20,Technical Skills,Total HIR (m),1131.6
Brianna,13/6/20,Technical Skills,Sprint Distance (m),38.7
Brianna,13/6/20,Technical Skills,Metres per Minute (m/min),91.5
Brianna,13/6/20,Technical Skills,Max Velocity (km/hr),25.5
Sophie,27/6/20,Main Training,Total Distance (m),5354.6
Sophie,27/6/20,Main Training,Total Duration (min),65
Sophie,27/6/20,Main Training,Total HIR (m),1076.1
Sophie,27/6/20,Main Training,Sprint Distance (m),22.1
Sophie,27/6/20,Main Training,Metres per Minute (m/min),82.4
Sophie,27/6/20,Main Training,Max Velocity (km/hr),25.4
Alexa,6/6/20,Main Training,Total Distance (m),8331.3
Alexa,6/6/20,Main Training,Total Duration (min),76.3
Alexa,6/6/20,Main Training,Total HIR (m),2045.9
Alexa,6/6/20,Main Training,Sprint Distance (m),59.4
Alexa,6/6/20,Main Training,Metres per Minute (m/min),109.2
Alexa,6/6/20,Main Training,Max Velocity (km/hr),25.4
Alyssa,27/6/20,Main Training,Total Distance (m),4357.7
Alyssa,27/6/20,Main Training,Total Duration (min),65
Alyssa,27/6/20,Main Training,Total HIR (m),690.4
Alyssa,27/6/20,Main Training,Sprint Distance (m),23.6
Alyssa,27/6/20,Main Training,Metres per Minute (m/min),67
Alyssa,27/6/20,Main Training,Max Velocity (km/hr),25.3
Brianna,20/6/20,Main Training,Total Distance (m),6002.8
Brianna,20/6/20,Main Training,Total Duration (min),58.2
Brianna,20/6/20,Main Training,Total HIR (m),1340.9
Brianna,20/6/20,Main Training,Sprint Distance (m),62.9
Brianna,20/6/20,Main Training,Metres per Minute (m/min),103.1
Brianna,20/6/20,Main Training,Max Velocity (km/hr),25.3
Alexa,11/6/20,Main Training,Total Distance (m),8268.4
Alexa,11/6/20,Main Training,Total Duration (min),76.8
Alexa,11/6/20,Main Training,Total HIR (m),1899.1
Alexa,11/6/20,Main Training,Sprint Distance (m),83.7
Alexa,11/6/20,Main Training,Metres per Minute (m/min),107.7
Alexa,11/6/20,Main Training,Max Velocity (km/hr),25.2
Carly,11/6/20,Main Training,Total Distance (m),7731.6
Carly,11/6/20,Main Training,Total Duration (min),76.8
Carly,11/6/20,Main Training,Total HIR (m),1891.6
Carly,11/6/20,Main Training,Sprint Distance (m),57.1
Carly,11/6/20,Main Training,Metres per Minute (m/min),100.7
Carly,11/6/20,Main Training,Max Velocity (km/hr),25.2
Brooke,27/6/20,Main Training,Total Distance (m),6221.4
Brooke,27/6/20,Main Training,Total Duration (min),65
Brooke,27/6/20,Main Training,Total HIR (m),1444.4
Brooke,27/6/20,Main Training,Sprint Distance (m),39.8
Brooke,27/6/20,Main Training,Metres per Minute (m/min),95.7
Brooke,27/6/20,Main Training,Max Velocity (km/hr),25.1
Brooke,20/6/20,Main Training,Total Distance (m),5777.9
Brooke,20/6/20,Main Training,Total Duration (min),58.2
Brooke,20/6/20,Main Training,Total HIR (m),1414
Brooke,20/6/20,Main Training,Sprint Distance (m),35.3
Brooke,20/6/20,Main Training,Metres per Minute (m/min),99.3
Brooke,20/6/20,Main Training,Max Velocity (km/hr),25.1
Brianna,6/6/20,Main Training,Total Distance (m),8481
Brianna,6/6/20,Main Training,Total Duration (min),76.3
Brianna,6/6/20,Main Training,Total HIR (m),2113.9
Brianna,6/6/20,Main Training,Sprint Distance (m),124.2
Brianna,6/6/20,Main Training,Metres per Minute (m/min),111.2
Brianna,6/6/20,Main Training,Max Velocity (km/hr),25.1
Paula,6/6/20,Main Training,Total Distance (m),8648.2
Paula,6/6/20,Main Training,Total Duration (min),76.3
Paula,6/6/20,Main Training,Total HIR (m),2473.2
Paula,6/6/20,Main Training,Sprint Distance (m),104.9
Paula,6/6/20,Main Training,Metres per Minute (m/min),113.3
Paula,6/6/20,Main Training,Max Velocity (km/hr),25
Madeline,20/6/20,Main Training,Total Distance (m),5817.3
Madeline,20/6/20,Main Training,Total Duration (min),58.2
Madeline,20/6/20,Main Training,Total HIR (m),1274.5
Madeline,20/6/20,Main Training,Sprint Distance (m),44.7
Madeline,20/6/20,Main Training,Metres per Minute (m/min),100
Madeline,20/6/20,Main Training,Max Velocity (km/hr),24.9
Alexa,27/6/20,Main Training,Total Distance (m),6838.4
Alexa,27/6/20,Main Training,Total Duration (min),65
Alexa,27/6/20,Main Training,Total HIR (m),1596.1
Alexa,27/6/20,Main Training,Sprint Distance (m),62.1
Alexa,27/6/20,Main Training,Metres per Minute (m/min),105.2
Alexa,27/6/20,Main Training,Max Velocity (km/hr),24.9
Madeline,27/6/20,Main Training,Total Distance (m),5411.8
Madeline,27/6/20,Main Training,Total Duration (min),65
Madeline,27/6/20,Main Training,Total HIR (m),948.9
Madeline,27/6/20,Main Training,Sprint Distance (m),20.1
Madeline,27/6/20,Main Training,Metres per Minute (m/min),83.3
Madeline,27/6/20,Main Training,Max Velocity (km/hr),24.8
Brooke,6/6/20,Main Training,Total Distance (m),7907.8
Brooke,6/6/20,Main Training,Total Duration (min),76.3
Brooke,6/6/20,Main Training,Total HIR (m),1926.2
Brooke,6/6/20,Main Training,Sprint Distance (m),31.8
Brooke,6/6/20,Main Training,Metres per Minute (m/min),103.6
Brooke,6/6/20,Main Training,Max Velocity (km/hr),24.8
Madeline,6/6/20,Main Training,Total Distance (m),8031.1
Madeline,6/6/20,Main Training,Total Duration (min),76.3
Madeline,6/6/20,Main Training,Total HIR (m),1763.3
Madeline,6/6/20,Main Training,Sprint Distance (m),43.5
Madeline,6/6/20,Main Training,Metres per Minute (m/min),105.3
Madeline,6/6/20,Main Training,Max Velocity (km/hr),24.8
Sara,27/6/20,Main Training,Total Distance (m),5521
Sara,27/6/20,Main Training,Total Duration (min),65
Sara,27/6/20,Main Training,Total HIR (m),989.4
Sara,27/6/20,Main Training,Sprint Distance (m),35.3
Sara,27/6/20,Main Training,Metres per Minute (m/min),84.9
Sara,27/6/20,Main Training,Max Velocity (km/hr),24.7
Mariah,6/6/20,Main Training,Total Distance (m),7636.2
Mariah,6/6/20,Main Training,Total Duration (min),76.3
Mariah,6/6/20,Main Training,Total HIR (m),1947.6
Mariah,6/6/20,Main Training,Sprint Distance (m),18.8
Mariah,6/6/20,Main Training,Metres per Minute (m/min),100.1
Mariah,6/6/20,Main Training,Max Velocity (km/hr),24.7
Danielle,20/6/20,Main Training,Total Distance (m),5090.2
Danielle,20/6/20,Main Training,Total Duration (min),58.2
Danielle,20/6/20,Main Training,Total HIR (m),980.1
Danielle,20/6/20,Main Training,Sprint Distance (m),44.8
Danielle,20/6/20,Main Training,Metres per Minute (m/min),87.5
Danielle,20/6/20,Main Training,Max Velocity (km/hr),24.5
Taylor,27/6/20,Main Training,Total Distance (m),5979.9
Taylor,27/6/20,Main Training,Total Duration (min),65
Taylor,27/6/20,Main Training,Total HIR (m),1418.7
Taylor,27/6/20,Main Training,Sprint Distance (m),26
Taylor,27/6/20,Main Training,Metres per Minute (m/min),92
Taylor,27/6/20,Main Training,Max Velocity (km/hr),24.5
Alyssa,13/6/20,Technical Skills,Total Distance (m),6266.9
Alyssa,13/6/20,Technical Skills,Total Duration (min),61.6
Alyssa,13/6/20,Technical Skills,Total HIR (m),1293.1
Alyssa,13/6/20,Technical Skills,Sprint Distance (m),14
Alyssa,13/6/20,Technical Skills,Metres per Minute (m/min),101.7
Alyssa,13/6/20,Technical Skills,Max Velocity (km/hr),24.5
Paula,29/6/20,Match,Total Distance (m),13414.6
Paula,29/6/20,Match,Total Duration (min),96.1
Paula,29/6/20,Match,Total HIR (m),4103.7
Paula,29/6/20,Match,Sprint Distance (m),56.7
Paula,29/6/20,Match,Metres per Minute (m/min),139.6
Paula,29/6/20,Match,Max Velocity (km/hr),24.4
Mariah,20/6/20,Main Training,Total Distance (m),5070.9
Mariah,20/6/20,Main Training,Total Duration (min),58.2
Mariah,20/6/20,Main Training,Total HIR (m),864.6
Mariah,20/6/20,Main Training,Sprint Distance (m),14
Mariah,20/6/20,Main Training,Metres per Minute (m/min),87.1
Mariah,20/6/20,Main Training,Max Velocity (km/hr),24.4
Brianna,11/6/20,Main Training,Total Distance (m),8159.1
Brianna,11/6/20,Main Training,Total Duration (min),76.8
Brianna,11/6/20,Main Training,Total HIR (m),1807.9
Brianna,11/6/20,Main Training,Sprint Distance (m),66.6
Brianna,11/6/20,Main Training,Metres per Minute (m/min),106.2
Brianna,11/6/20,Main Training,Max Velocity (km/hr),24.3
Sara,13/6/20,Technical Skills,Total Distance (m),6013.2
Sara,13/6/20,Technical Skills,Total Duration (min),61.6
Sara,13/6/20,Technical Skills,Total HIR (m),958.6
Sara,13/6/20,Technical Skills,Sprint Distance (m),35
Sara,13/6/20,Technical Skills,Metres per Minute (m/min),97.6
Sara,13/6/20,Technical Skills,Max Velocity (km/hr),24.3
Alyssa,20/6/20,Main Training,Total Distance (m),5829
Alyssa,20/6/20,Main Training,Total Duration (min),58.2
Alyssa,20/6/20,Main Training,Total HIR (m),1244.8
Alyssa,20/6/20,Main Training,Sprint Distance (m),27.8
Alyssa,20/6/20,Main Training,Metres per Minute (m/min),100.2
Alyssa,20/6/20,Main Training,Max Velocity (km/hr),24.3
Alexa,13/6/20,Technical Skills,Total Distance (m),5952.8
Alexa,13/6/20,Technical Skills,Total Duration (min),61.6
Alexa,13/6/20,Technical Skills,Total HIR (m),1250.3
Alexa,13/6/20,Technical Skills,Sprint Distance (m),31
Alexa,13/6/20,Technical Skills,Metres per Minute (m/min),96.6
Alexa,13/6/20,Technical Skills,Max Velocity (km/hr),24.2
Rachel,20/6/20,Main Training,Total Distance (m),5569.7
Rachel,20/6/20,Main Training,Total Duration (min),58.2
Rachel,20/6/20,Main Training,Total HIR (m),922.3
Rachel,20/6/20,Main Training,Sprint Distance (m),16.4
Rachel,20/6/20,Main Training,Metres per Minute (m/min),95.7
Rachel,20/6/20,Main Training,Max Velocity (km/hr),24.2
Sara,11/6/20,Main Training,Total Distance (m),7414
Sara,11/6/20,Main Training,Total Duration (min),76.8
Sara,11/6/20,Main Training,Total HIR (m),1388.8
Sara,11/6/20,Main Training,Sprint Distance (m),16.1
Sara,11/6/20,Main Training,Metres per Minute (m/min),96.5
Sara,11/6/20,Main Training,Max Velocity (km/hr),24.2
Carly,13/6/20,Technical Skills,Total Distance (m),5469.9
Carly,13/6/20,Technical Skills,Total Duration (min),61.6
Carly,13/6/20,Technical Skills,Total HIR (m),916.3
Carly,13/6/20,Technical Skills,Sprint Distance (m),13.9
Carly,13/6/20,Technical Skills,Metres per Minute (m/min),88.8
Carly,13/6/20,Technical Skills,Max Velocity (km/hr),24.1
Madeline,13/6/20,Technical Skills,Total Distance (m),5992.3
Madeline,13/6/20,Technical Skills,Total Duration (min),61.6
Madeline,13/6/20,Technical Skills,Total HIR (m),920.9
Madeline,13/6/20,Technical Skills,Sprint Distance (m),15.4
Madeline,13/6/20,Technical Skills,Metres per Minute (m/min),97.3
Madeline,13/6/20,Technical Skills,Max Velocity (km/hr),24.1
Alyssa,4/6/20,Recovery Skills,Total Distance (m),6630.8
Alyssa,4/6/20,Recovery Skills,Total Duration (min),53.9
Alyssa,4/6/20,Recovery Skills,Total HIR (m),1548.7
Alyssa,4/6/20,Recovery Skills,Sprint Distance (m),26.6
Alyssa,4/6/20,Recovery Skills,Metres per Minute (m/min),123
Alyssa,4/6/20,Recovery Skills,Max Velocity (km/hr),23.9
Alexa,29/6/20,Match,Total Distance (m),14919.1
Alexa,29/6/20,Match,Total Duration (min),107.8
Alexa,29/6/20,Match,Total HIR (m),3567
Alexa,29/6/20,Match,Sprint Distance (m),50.3
Alexa,29/6/20,Match,Metres per Minute (m/min),138.4
Alexa,29/6/20,Match,Max Velocity (km/hr),23.9
Paula,13/6/20,Technical Skills,Total Distance (m),5306
Paula,13/6/20,Technical Skills,Total Duration (min),61.6
Paula,13/6/20,Technical Skills,Total HIR (m),985.8
Paula,13/6/20,Technical Skills,Sprint Distance (m),17.6
Paula,13/6/20,Technical Skills,Metres per Minute (m/min),86.1
Paula,13/6/20,Technical Skills,Max Velocity (km/hr),23.8
Kaylie,13/6/20,Technical Skills,Total Distance (m),5101.6
Kaylie,13/6/20,Technical Skills,Total Duration (min),61.6
Kaylie,13/6/20,Technical Skills,Total HIR (m),599.5
Kaylie,13/6/20,Technical Skills,Sprint Distance (m),8.9
Kaylie,13/6/20,Technical Skills,Metres per Minute (m/min),82.8
Kaylie,13/6/20,Technical Skills,Max Velocity (km/hr),23.6
Carly,20/6/20,Main Training,Total Distance (m),5278.3
Carly,20/6/20,Main Training,Total Duration (min),58.2
Carly,20/6/20,Main Training,Total HIR (m),1067.7
Carly,20/6/20,Main Training,Sprint Distance (m),28
Carly,20/6/20,Main Training,Metres per Minute (m/min),90.7
Carly,20/6/20,Main Training,Max Velocity (km/hr),23.6
Mariah,11/6/20,Main Training,Total Distance (m),7022.1
Mariah,11/6/20,Main Training,Total Duration (min),76.8
Mariah,11/6/20,Main Training,Total HIR (m),1318.2
Mariah,11/6/20,Main Training,Sprint Distance (m),9.2
Mariah,11/6/20,Main Training,Metres per Minute (m/min),91.4
Mariah,11/6/20,Main Training,Max Velocity (km/hr),23.5
Brooke,11/6/20,Main Training,Total Distance (m),8176.8
Brooke,11/6/20,Main Training,Total Duration (min),76.8
Brooke,11/6/20,Main Training,Total HIR (m),1807.5
Brooke,11/6/20,Main Training,Sprint Distance (m),15.2
Brooke,11/6/20,Main Training,Metres per Minute (m/min),106.5
Brooke,11/6/20,Main Training,Max Velocity (km/hr),23.4
Paula,27/6/20,Main Training,Total Distance (m),5865.7
Paula,27/6/20,Main Training,Total Duration (min),65
Paula,27/6/20,Main Training,Total HIR (m),1252.7
Paula,27/6/20,Main Training,Sprint Distance (m),5
Paula,27/6/20,Main Training,Metres per Minute (m/min),90.2
Paula,27/6/20,Main Training,Max Velocity (km/hr),22.7
Madeline,18/6/20,Technical Skills,Total Distance (m),5517.4
Madeline,18/6/20,Technical Skills,Total Duration (min),50.2
Madeline,18/6/20,Technical Skills,Total HIR (m),1583.6
Madeline,18/6/20,Technical Skills,Sprint Distance (m),5
Madeline,18/6/20,Technical Skills,Metres per Minute (m/min),109.9
Madeline,18/6/20,Technical Skills,Max Velocity (km/hr),22.5
Paula,18/6/20,Technical Skills,Total Distance (m),4882.4
Paula,18/6/20,Technical Skills,Total Duration (min),50.2
Paula,18/6/20,Technical Skills,Total HIR (m),1379
Paula,18/6/20,Technical Skills,Sprint Distance (m),5
Paula,18/6/20,Technical Skills,Metres per Minute (m/min),97.3
Paula,18/6/20,Technical Skills,Max Velocity (km/hr),21.7
Danielle,13/6/20,Technical Skills,Total Distance (m),5208.2
Danielle,13/6/20,Technical Skills,Total Duration (min),61.5
Danielle,13/6/20,Technical Skills,Total HIR (m),945.4
Danielle,13/6/20,Technical Skills,Sprint Distance (m),5
Danielle,13/6/20,Technical Skills,Metres per Minute (m/min),84.7
Danielle,13/6/20,Technical Skills,Max Velocity (km/hr),21.5
Sophie,18/6/20,Technical Skills,Total Distance (m),4743.9
Sophie,18/6/20,Technical Skills,Total Duration (min),50.2
Sophie,18/6/20,Technical Skills,Total HIR (m),644.6
Sophie,18/6/20,Technical Skills,Sprint Distance (m),5
Sophie,18/6/20,Technical Skills,Metres per Minute (m/min),94.5
Sophie,18/6/20,Technical Skills,Max Velocity (km/hr),20.9
Carly,18/6/20,Technical Skills,Total Distance (m),5311.5
Carly,18/6/20,Technical Skills,Total Duration (min),50.2
Carly,18/6/20,Technical Skills,Total HIR (m),1150.5
Carly,18/6/20,Technical Skills,Sprint Distance (m),5
Carly,18/6/20,Technical Skills,Metres per Minute (m/min),105.8
Carly,18/6/20,Technical Skills,Max Velocity (km/hr),20.6
Danielle,18/6/20,Technical Skills,Total Distance (m),4493.4
Danielle,18/6/20,Technical Skills,Total Duration (min),50.2
Danielle,18/6/20,Technical Skills,Total HIR (m),467.6
Danielle,18/6/20,Technical Skills,Sprint Distance (m),5
Danielle,18/6/20,Technical Skills,Metres per Minute (m/min),89.5
Danielle,18/6/20,Technical Skills,Max Velocity (km/hr),20.5
Paula,25/6/20,Recovery Skills,Total Distance (m),2533.1
Paula,25/6/20,Recovery Skills,Total Duration (min),31.2
Paula,25/6/20,Recovery Skills,Total HIR (m),1163.3
Paula,25/6/20,Recovery Skills,Sprint Distance (m),5
Paula,25/6/20,Recovery Skills,Metres per Minute (m/min),81.2
Paula,25/6/20,Recovery Skills,Max Velocity (km/hr),20.3
Alyssa,18/6/20,Technical Skills,Total Distance (m),2405.4
Alyssa,18/6/20,Technical Skills,Total Duration (min),50.2
Alyssa,18/6/20,Technical Skills,Total HIR (m),160.3
Alyssa,18/6/20,Technical Skills,Sprint Distance (m),5
Alyssa,18/6/20,Technical Skills,Metres per Minute (m/min),47.9
Alyssa,18/6/20,Technical Skills,Max Velocity (km/hr),20.2
Danielle,1/6/20,Captains Run,Total Distance (m),1928.9
Danielle,1/6/20,Captains Run,Total Duration (min),26.6
Danielle,1/6/20,Captains Run,Total HIR (m),80
Danielle,1/6/20,Captains Run,Sprint Distance (m),5
Danielle,1/6/20,Captains Run,Metres per Minute (m/min),72.5
Danielle,1/6/20,Captains Run,Max Velocity (km/hr),20.1
Rachel,18/6/20,Technical Skills,Total Distance (m),5159.1
Rachel,18/6/20,Technical Skills,Total Duration (min),50.2
Rachel,18/6/20,Technical Skills,Total HIR (m),423.5
Rachel,18/6/20,Technical Skills,Sprint Distance (m),5
Rachel,18/6/20,Technical Skills,Metres per Minute (m/min),102.8
Rachel,18/6/20,Technical Skills,Max Velocity (km/hr),19.9
Alyssa,22/6/20,Captains Run,Total Distance (m),2090.4
Alyssa,22/6/20,Captains Run,Total Duration (min),27.6
Alyssa,22/6/20,Captains Run,Total HIR (m),119.8
Alyssa,22/6/20,Captains Run,Sprint Distance (m),5
Alyssa,22/6/20,Captains Run,Metres per Minute (m/min),75.7
Alyssa,22/6/20,Captains Run,Max Velocity (km/hr),19.8
Brianna,18/6/20,Technical Skills,Total Distance (m),4845.2
Brianna,18/6/20,Technical Skills,Total Duration (min),50.2
Brianna,18/6/20,Technical Skills,Total HIR (m),1268.6
Brianna,18/6/20,Technical Skills,Sprint Distance (m),5
Brianna,18/6/20,Technical Skills,Metres per Minute (m/min),96.5
Brianna,18/6/20,Technical Skills,Max Velocity (km/hr),19
Sophie,22/6/20,Captains Run,Total Distance (m),2106.5
Sophie,22/6/20,Captains Run,Total Duration (min),27.6
Sophie,22/6/20,Captains Run,Total HIR (m),85.2
Sophie,22/6/20,Captains Run,Sprint Distance (m),5
Sophie,22/6/20,Captains Run,Metres per Minute (m/min),76.3
Sophie,22/6/20,Captains Run,Max Velocity (km/hr),18.6
Madeline,22/6/20,Captains Run,Total Distance (m),2375
Madeline,22/6/20,Captains Run,Total Duration (min),27.6
Madeline,22/6/20,Captains Run,Total HIR (m),204.8
Madeline,22/6/20,Captains Run,Sprint Distance (m),5
Madeline,22/6/20,Captains Run,Metres per Minute (m/min),86.1
Madeline,22/6/20,Captains Run,Max Velocity (km/hr),18.5
Mariah,18/6/20,Technical Skills,Total Distance (m),4366.5
Mariah,18/6/20,Technical Skills,Total Duration (min),50.2
Mariah,18/6/20,Technical Skills,Total HIR (m),330.1
Mariah,18/6/20,Technical Skills,Sprint Distance (m),5
Mariah,18/6/20,Technical Skills,Metres per Minute (m/min),87
Mariah,18/6/20,Technical Skills,Max Velocity (km/hr),18.3
Alexa,22/6/20,Captains Run,Total Distance (m),2413.9
Alexa,22/6/20,Captains Run,Total Duration (min),27.6
Alexa,22/6/20,Captains Run,Total HIR (m),236.8
Alexa,22/6/20,Captains Run,Sprint Distance (m),5
Alexa,22/6/20,Captains Run,Metres per Minute (m/min),87.5
Alexa,22/6/20,Captains Run,Max Velocity (km/hr),18.3
Sara,1/6/20,Captains Run,Total Distance (m),1916.9
Sara,1/6/20,Captains Run,Total Duration (min),26.6
Sara,1/6/20,Captains Run,Total HIR (m),112.7
Sara,1/6/20,Captains Run,Sprint Distance (m),5
Sara,1/6/20,Captains Run,Metres per Minute (m/min),72.1
Sara,1/6/20,Captains Run,Max Velocity (km/hr),17.9
Danielle,22/6/20,Captains Run,Total Distance (m),1828.7
Danielle,22/6/20,Captains Run,Total Duration (min),27.6
Danielle,22/6/20,Captains Run,Total HIR (m),61.6
Danielle,22/6/20,Captains Run,Sprint Distance (m),5
Danielle,22/6/20,Captains Run,Metres per Minute (m/min),66.3
Danielle,22/6/20,Captains Run,Max Velocity (km/hr),17.7
Alyssa,1/6/20,Captains Run,Total Distance (m),1721.7
Alyssa,1/6/20,Captains Run,Total Duration (min),25.4
Alyssa,1/6/20,Captains Run,Total HIR (m),117
Alyssa,1/6/20,Captains Run,Sprint Distance (m),5
Alyssa,1/6/20,Captains Run,Metres per Minute (m/min),67.8
Alyssa,1/6/20,Captains Run,Max Velocity (km/hr),17.6
Paula,1/6/20,Captains Run,Total Distance (m),1595.1
Paula,1/6/20,Captains Run,Total Duration (min),26.6
Paula,1/6/20,Captains Run,Total HIR (m),63.4
Paula,1/6/20,Captains Run,Sprint Distance (m),5
Paula,1/6/20,Captains Run,Metres per Minute (m/min),60
Paula,1/6/20,Captains Run,Max Velocity (km/hr),17.6
Kaylie,22/6/20,Captains Run,Total Distance (m),2070.1
Kaylie,22/6/20,Captains Run,Total Duration (min),27.6
Kaylie,22/6/20,Captains Run,Total HIR (m),162.2
Kaylie,22/6/20,Captains Run,Sprint Distance (m),5
Kaylie,22/6/20,Captains Run,Metres per Minute (m/min),75
Kaylie,22/6/20,Captains Run,Max Velocity (km/hr),17.5
Rachel,4/6/20,Recovery Skills,Total Distance (m),1992.3
Rachel,4/6/20,Recovery Skills,Total Duration (min),27.2
Rachel,4/6/20,Recovery Skills,Total HIR (m),219.7
Rachel,4/6/20,Recovery Skills,Sprint Distance (m),5
Rachel,4/6/20,Recovery Skills,Metres per Minute (m/min),73.2
Rachel,4/6/20,Recovery Skills,Max Velocity (km/hr),17.5
Sophie,4/6/20,Recovery Skills,Total Distance (m),2792.8
Sophie,4/6/20,Recovery Skills,Total Duration (min),27.2
Sophie,4/6/20,Recovery Skills,Total HIR (m),502.8
Sophie,4/6/20,Recovery Skills,Sprint Distance (m),5
Sophie,4/6/20,Recovery Skills,Metres per Minute (m/min),102.7
Sophie,4/6/20,Recovery Skills,Max Velocity (km/hr),17.2
Madeline,25/6/20,Recovery Skills,Total Distance (m),2786.3
Madeline,25/6/20,Recovery Skills,Total Duration (min),31.2
Madeline,25/6/20,Recovery Skills,Total HIR (m),394.5
Madeline,25/6/20,Recovery Skills,Sprint Distance (m),5
Madeline,25/6/20,Recovery Skills,Metres per Minute (m/min),89.3
Madeline,25/6/20,Recovery Skills,Max Velocity (km/hr),17
Alexa,1/6/20,Captains Run,Total Distance (m),2104.4
Alexa,1/6/20,Captains Run,Total Duration (min),25.4
Alexa,1/6/20,Captains Run,Total HIR (m),139.9
Alexa,1/6/20,Captains Run,Sprint Distance (m),5
Alexa,1/6/20,Captains Run,Metres per Minute (m/min),82.9
Alexa,1/6/20,Captains Run,Max Velocity (km/hr),17
Madeline,14/6/20,Captains Run,Total Distance (m),2204.4
Madeline,14/6/20,Captains Run,Total Duration (min),28.5
Madeline,14/6/20,Captains Run,Total HIR (m),161.8
Madeline,14/6/20,Captains Run,Sprint Distance (m),5
Madeline,14/6/20,Captains Run,Metres per Minute (m/min),77.3
Madeline,14/6/20,Captains Run,Max Velocity (km/hr),16.8
Rachel,1/6/20,Captains Run,Total Distance (m),1776.9
Rachel,1/6/20,Captains Run,Total Duration (min),26.6
Rachel,1/6/20,Captains Run,Total HIR (m),73.3
Rachel,1/6/20,Captains Run,Sprint Distance (m),5
Rachel,1/6/20,Captains Run,Metres per Minute (m/min),66.8
Rachel,1/6/20,Captains Run,Max Velocity (km/hr),16.8
Sara,22/6/20,Captains Run,Total Distance (m),2145.7
Sara,22/6/20,Captains Run,Total Duration (min),27.6
Sara,22/6/20,Captains Run,Total HIR (m),89.1
Sara,22/6/20,Captains Run,Sprint Distance (m),5
Sara,22/6/20,Captains Run,Metres per Minute (m/min),77.7
Sara,22/6/20,Captains Run,Max Velocity (km/hr),16.8
Sophie,25/6/20,Recovery Skills,Total Distance (m),2332.1
Sophie,25/6/20,Recovery Skills,Total Duration (min),31.2
Sophie,25/6/20,Recovery Skills,Total HIR (m),280.7
Sophie,25/6/20,Recovery Skills,Sprint Distance (m),5
Sophie,25/6/20,Recovery Skills,Metres per Minute (m/min),74.7
Sophie,25/6/20,Recovery Skills,Max Velocity (km/hr),16.7
Madeline,28/6/20,Captains Run,Total Distance (m),1998.9
Madeline,28/6/20,Captains Run,Total Duration (min),25.1
Madeline,28/6/20,Captains Run,Total HIR (m),64.9
Madeline,28/6/20,Captains Run,Sprint Distance (m),5
Madeline,28/6/20,Captains Run,Metres per Minute (m/min),79.6
Madeline,28/6/20,Captains Run,Max Velocity (km/hr),16.7
Paula,4/6/20,Recovery Skills,Total Distance (m),2732.4
Paula,4/6/20,Recovery Skills,Total Duration (min),27.2
Paula,4/6/20,Recovery Skills,Total HIR (m),791.3
Paula,4/6/20,Recovery Skills,Sprint Distance (m),5
Paula,4/6/20,Recovery Skills,Metres per Minute (m/min),100.5
Paula,4/6/20,Recovery Skills,Max Velocity (km/hr),16.6
Danielle,4/6/20,Recovery Skills,Total Distance (m),2616.5
Danielle,4/6/20,Recovery Skills,Total Duration (min),27.2
Danielle,4/6/20,Recovery Skills,Total HIR (m),123.1
Danielle,4/6/20,Recovery Skills,Sprint Distance (m),5
Danielle,4/6/20,Recovery Skills,Metres per Minute (m/min),96.2
Danielle,4/6/20,Recovery Skills,Max Velocity (km/hr),16.5
Brianna,1/6/20,Captains Run,Total Distance (m),2188.6
Brianna,1/6/20,Captains Run,Total Duration (min),26.6
Brianna,1/6/20,Captains Run,Total HIR (m),90.4
Brianna,1/6/20,Captains Run,Sprint Distance (m),5
Brianna,1/6/20,Captains Run,Metres per Minute (m/min),82.3
Brianna,1/6/20,Captains Run,Max Velocity (km/hr),16.5
Brooke,4/6/20,Recovery Skills,Total Distance (m),2720.1
Brooke,4/6/20,Recovery Skills,Total Duration (min),27.2
Brooke,4/6/20,Recovery Skills,Total HIR (m),683.3
Brooke,4/6/20,Recovery Skills,Sprint Distance (m),5
Brooke,4/6/20,Recovery Skills,Metres per Minute (m/min),100
Brooke,4/6/20,Recovery Skills,Max Velocity (km/hr),16.5
Sara,28/6/20,Captains Run,Total Distance (m),1866.3
Sara,28/6/20,Captains Run,Total Duration (min),25.1
Sara,28/6/20,Captains Run,Total HIR (m),44.7
Sara,28/6/20,Captains Run,Sprint Distance (m),5
Sara,28/6/20,Captains Run,Metres per Minute (m/min),74.4
Sara,28/6/20,Captains Run,Max Velocity (km/hr),16.5
Carly,14/6/20,Captains Run,Total Distance (m),1983.7
Carly,14/6/20,Captains Run,Total Duration (min),28.5
Carly,14/6/20,Captains Run,Total HIR (m),123.1
Carly,14/6/20,Captains Run,Sprint Distance (m),5
Carly,14/6/20,Captains Run,Metres per Minute (m/min),69.6
Carly,14/6/20,Captains Run,Max Velocity (km/hr),16.3
Mariah,1/6/20,Captains Run,Total Distance (m),1914.7
Mariah,1/6/20,Captains Run,Total Duration (min),26.6
Mariah,1/6/20,Captains Run,Total HIR (m),69.2
Mariah,1/6/20,Captains Run,Sprint Distance (m),5
Mariah,1/6/20,Captains Run,Metres per Minute (m/min),72
Mariah,1/6/20,Captains Run,Max Velocity (km/hr),16.3
Alexa,28/6/20,Captains Run,Total Distance (m),1991.8
Alexa,28/6/20,Captains Run,Total Duration (min),25.1
Alexa,28/6/20,Captains Run,Total HIR (m),59.2
Alexa,28/6/20,Captains Run,Sprint Distance (m),5
Alexa,28/6/20,Captains Run,Metres per Minute (m/min),79.4
Alexa,28/6/20,Captains Run,Max Velocity (km/hr),16.3
Madeline,4/6/20,Recovery Skills,Total Distance (m),2834.3
Madeline,4/6/20,Recovery Skills,Total Duration (min),27.2
Madeline,4/6/20,Recovery Skills,Total HIR (m),462.5
Madeline,4/6/20,Recovery Skills,Sprint Distance (m),5
Madeline,4/6/20,Recovery Skills,Metres per Minute (m/min),104.2
Madeline,4/6/20,Recovery Skills,Max Velocity (km/hr),16.2
Paula,14/6/20,Captains Run,Total Distance (m),2145.5
Paula,14/6/20,Captains Run,Total Duration (min),28
Paula,14/6/20,Captains Run,Total HIR (m),76.9
Paula,14/6/20,Captains Run,Sprint Distance (m),5
Paula,14/6/20,Captains Run,Metres per Minute (m/min),76.6
Paula,14/6/20,Captains Run,Max Velocity (km/hr),16.1
Danielle,14/6/20,Captains Run,Total Distance (m),1810.7
Danielle,14/6/20,Captains Run,Total Duration (min),28.5
Danielle,14/6/20,Captains Run,Total HIR (m),73.3
Danielle,14/6/20,Captains Run,Sprint Distance (m),5
Danielle,14/6/20,Captains Run,Metres per Minute (m/min),63.5
Danielle,14/6/20,Captains Run,Max Velocity (km/hr),16.1
Brooke,25/6/20,Recovery Skills,Total Distance (m),2384.7
Brooke,25/6/20,Recovery Skills,Total Duration (min),31.2
Brooke,25/6/20,Recovery Skills,Total HIR (m),707
Brooke,25/6/20,Recovery Skills,Sprint Distance (m),5
Brooke,25/6/20,Recovery Skills,Metres per Minute (m/min),76.4
Brooke,25/6/20,Recovery Skills,Max Velocity (km/hr),16
Mariah,22/6/20,Captains Run,Total Distance (m),2172.3
Mariah,22/6/20,Captains Run,Total Duration (min),27.6
Mariah,22/6/20,Captains Run,Total HIR (m),112.5
Mariah,22/6/20,Captains Run,Sprint Distance (m),5
Mariah,22/6/20,Captains Run,Metres per Minute (m/min),78.7
Mariah,22/6/20,Captains Run,Max Velocity (km/hr),16
Paula,28/6/20,Captains Run,Total Distance (m),1894.1
Paula,28/6/20,Captains Run,Total Duration (min),25.1
Paula,28/6/20,Captains Run,Total HIR (m),70.7
Paula,28/6/20,Captains Run,Sprint Distance (m),5
Paula,28/6/20,Captains Run,Metres per Minute (m/min),75.5
Paula,28/6/20,Captains Run,Max Velocity (km/hr),15.9
Carly,25/6/20,Recovery Skills,Total Distance (m),2518.5
Carly,25/6/20,Recovery Skills,Total Duration (min),31.2
Carly,25/6/20,Recovery Skills,Total HIR (m),289.9
Carly,25/6/20,Recovery Skills,Sprint Distance (m),5
Carly,25/6/20,Recovery Skills,Metres per Minute (m/min),80.7
Carly,25/6/20,Recovery Skills,Max Velocity (km/hr),15.8
Brooke,22/6/20,Captains Run,Total Distance (m),1891.6
Brooke,22/6/20,Captains Run,Total Duration (min),27.6
Brooke,22/6/20,Captains Run,Total HIR (m),33.5
Brooke,22/6/20,Captains Run,Sprint Distance (m),5
Brooke,22/6/20,Captains Run,Metres per Minute (m/min),68.5
Brooke,22/6/20,Captains Run,Max Velocity (km/hr),15.8
Brianna,25/6/20,Recovery Skills,Total Distance (m),2492.3
Brianna,25/6/20,Recovery Skills,Total Duration (min),31.2
Brianna,25/6/20,Recovery Skills,Total HIR (m),648.2
Brianna,25/6/20,Recovery Skills,Sprint Distance (m),5
Brianna,25/6/20,Recovery Skills,Metres per Minute (m/min),79.9
Brianna,25/6/20,Recovery Skills,Max Velocity (km/hr),15.6
Brianna,14/6/20,Captains Run,Total Distance (m),2236.3
Brianna,14/6/20,Captains Run,Total Duration (min),28
Brianna,14/6/20,Captains Run,Total HIR (m),145.6
Brianna,14/6/20,Captains Run,Sprint Distance (m),5
Brianna,14/6/20,Captains Run,Metres per Minute (m/min),79.9
Brianna,14/6/20,Captains Run,Max Velocity (km/hr),15.5
Brianna,28/6/20,Captains Run,Total Distance (m),1996.5
Brianna,28/6/20,Captains Run,Total Duration (min),25.1
Brianna,28/6/20,Captains Run,Total HIR (m),93.8
Brianna,28/6/20,Captains Run,Sprint Distance (m),5
Brianna,28/6/20,Captains Run,Metres per Minute (m/min),79.5
Brianna,28/6/20,Captains Run,Max Velocity (km/hr),15.4
Paula,22/6/20,Captains Run,Total Distance (m),1996.8
Paula,22/6/20,Captains Run,Total Duration (min),27.6
Paula,22/6/20,Captains Run,Total HIR (m),72.7
Paula,22/6/20,Captains Run,Sprint Distance (m),5
Paula,22/6/20,Captains Run,Metres per Minute (m/min),72.3
Paula,22/6/20,Captains Run,Max Velocity (km/hr),15.4
Sara,14/6/20,Captains Run,Total Distance (m),2044.7
Sara,14/6/20,Captains Run,Total Duration (min),28.5
Sara,14/6/20,Captains Run,Total HIR (m),53
Sara,14/6/20,Captains Run,Sprint Distance (m),5
Sara,14/6/20,Captains Run,Metres per Minute (m/min),71.7
Sara,14/6/20,Captains Run,Max Velocity (km/hr),15.3
Kaylie,14/6/20,Captains Run,Total Distance (m),1656.4
Kaylie,14/6/20,Captains Run,Total Duration (min),24.8
Kaylie,14/6/20,Captains Run,Total HIR (m),83.5
Kaylie,14/6/20,Captains Run,Sprint Distance (m),5
Kaylie,14/6/20,Captains Run,Metres per Minute (m/min),66.8
Kaylie,14/6/20,Captains Run,Max Velocity (km/hr),15.3
Mariah,4/6/20,Recovery Skills,Total Distance (m),2632.5
Mariah,4/6/20,Recovery Skills,Total Duration (min),27.2
Mariah,4/6/20,Recovery Skills,Total HIR (m),274
Mariah,4/6/20,Recovery Skills,Sprint Distance (m),5
Mariah,4/6/20,Recovery Skills,Metres per Minute (m/min),96.8
Mariah,4/6/20,Recovery Skills,Max Velocity (km/hr),15.1
Sara,25/6/20,Recovery Skills,Total Distance (m),2310.8
Sara,25/6/20,Recovery Skills,Total Duration (min),31.2
Sara,25/6/20,Recovery Skills,Total HIR (m),130.4
Sara,25/6/20,Recovery Skills,Sprint Distance (m),5
Sara,25/6/20,Recovery Skills,Metres per Minute (m/min),74.1
Sara,25/6/20,Recovery Skills,Max Velocity (km/hr),15.1
Carly,22/6/20,Captains Run,Total Distance (m),2055.5
Carly,22/6/20,Captains Run,Total Duration (min),27.6
Carly,22/6/20,Captains Run,Total HIR (m),111.2
Carly,22/6/20,Captains Run,Sprint Distance (m),5
Carly,22/6/20,Captains Run,Metres per Minute (m/min),74.5
Carly,22/6/20,Captains Run,Max Velocity (km/hr),15
Alexa,14/6/20,Captains Run,Total Distance (m),1996.4
Alexa,14/6/20,Captains Run,Total Duration (min),25.3
Alexa,14/6/20,Captains Run,Total HIR (m),106.7
Alexa,14/6/20,Captains Run,Sprint Distance (m),5
Alexa,14/6/20,Captains Run,Metres per Minute (m/min),78.9
Alexa,14/6/20,Captains Run,Max Velocity (km/hr),15
Brianna,22/6/20,Captains Run,Total Distance (m),2122.1
Brianna,22/6/20,Captains Run,Total Duration (min),27.6
Brianna,22/6/20,Captains Run,Total HIR (m),58.1
Brianna,22/6/20,Captains Run,Sprint Distance (m),5
Brianna,22/6/20,Captains Run,Metres per Minute (m/min),76.9
Brianna,22/6/20,Captains Run,Max Velocity (km/hr),15
Sophie,14/6/20,Captains Run,Total Distance (m),1993.4
Sophie,14/6/20,Captains Run,Total Duration (min),28.5
Sophie,14/6/20,Captains Run,Total HIR (m),71.6
Sophie,14/6/20,Captains Run,Sprint Distance (m),5
Sophie,14/6/20,Captains Run,Metres per Minute (m/min),69.9
Sophie,14/6/20,Captains Run,Max Velocity (km/hr),14.9
Mariah,14/6/20,Captains Run,Total Distance (m),1806.1
Mariah,14/6/20,Captains Run,Total Duration (min),25.1
Mariah,14/6/20,Captains Run,Total HIR (m),75.7
Mariah,14/6/20,Captains Run,Sprint Distance (m),5
Mariah,14/6/20,Captains Run,Metres per Minute (m/min),72
Mariah,14/6/20,Captains Run,Max Velocity (km/hr),14.8
Brooke,14/6/20,Captains Run,Total Distance (m),1943
Brooke,14/6/20,Captains Run,Total Duration (min),28.5
Brooke,14/6/20,Captains Run,Total HIR (m),79.3
Brooke,14/6/20,Captains Run,Sprint Distance (m),5
Brooke,14/6/20,Captains Run,Metres per Minute (m/min),68.2
Brooke,14/6/20,Captains Run,Max Velocity (km/hr),14.8
Carly,28/6/20,Captains Run,Total Distance (m),1751.9
Carly,28/6/20,Captains Run,Total Duration (min),25.1
Carly,28/6/20,Captains Run,Total HIR (m),39.8
Carly,28/6/20,Captains Run,Sprint Distance (m),5
Carly,28/6/20,Captains Run,Metres per Minute (m/min),69.8
Carly,28/6/20,Captains Run,Max Velocity (km/hr),14.7
Alyssa,25/6/20,Recovery Skills,Total Distance (m),2403.4
Alyssa,25/6/20,Recovery Skills,Total Duration (min),31.2
Alyssa,25/6/20,Recovery Skills,Total HIR (m),103.6
Alyssa,25/6/20,Recovery Skills,Sprint Distance (m),5
Alyssa,25/6/20,Recovery Skills,Metres per Minute (m/min),77
Alyssa,25/6/20,Recovery Skills,Max Velocity (km/hr),14.6
Kaylie,28/6/20,Captains Run,Total Distance (m),1743.2
Kaylie,28/6/20,Captains Run,Total Duration (min),25.1
Kaylie,28/6/20,Captains Run,Total HIR (m),59.4
Kaylie,28/6/20,Captains Run,Sprint Distance (m),5
Kaylie,28/6/20,Captains Run,Metres per Minute (m/min),69.5
Kaylie,28/6/20,Captains Run,Max Velocity (km/hr),14.4
Alyssa,28/6/20,Captains Run,Total Distance (m),1692.9
Alyssa,28/6/20,Captains Run,Total Duration (min),25.1
Alyssa,28/6/20,Captains Run,Total HIR (m),29.7
Alyssa,28/6/20,Captains Run,Sprint Distance (m),5
Alyssa,28/6/20,Captains Run,Metres per Minute (m/min),67.4
Alyssa,28/6/20,Captains Run,Max Velocity (km/hr),14.3
Rachel,22/6/20,Captains Run,Total Distance (m),2036.3
Rachel,22/6/20,Captains Run,Total Duration (min),27.6
Rachel,22/6/20,Captains Run,Total HIR (m),31.5
Rachel,22/6/20,Captains Run,Sprint Distance (m),5
Rachel,22/6/20,Captains Run,Metres per Minute (m/min),73.8
Rachel,22/6/20,Captains Run,Max Velocity (km/hr),14
Danielle,25/6/20,Recovery Skills,Total Distance (m),2284.9
Danielle,25/6/20,Recovery Skills,Total Duration (min),31.2
Danielle,25/6/20,Recovery Skills,Total HIR (m),30.9
Danielle,25/6/20,Recovery Skills,Sprint Distance (m),5
Danielle,25/6/20,Recovery Skills,Metres per Minute (m/min),73.2
Danielle,25/6/20,Recovery Skills,Max Velocity (km/hr),13.8
Rachel,25/6/20,Recovery Skills,Total Distance (m),2295.1
Rachel,25/6/20,Recovery Skills,Total Duration (min),31.2
Rachel,25/6/20,Recovery Skills,Total HIR (m),27
Rachel,25/6/20,Recovery Skills,Sprint Distance (m),5
Rachel,25/6/20,Recovery Skills,Metres per Minute (m/min),73.6
Rachel,25/6/20,Recovery Skills,Max Velocity (km/hr),13.6
Rachel,14/6/20,Captains Run,Total Distance (m),1525.8
Rachel,14/6/20,Captains Run,Total Duration (min),24.9
Rachel,14/6/20,Captains Run,Total HIR (m),28.3
Rachel,14/6/20,Captains Run,Sprint Distance (m),5
Rachel,14/6/20,Captains Run,Metres per Minute (m/min),61.3
Rachel,14/6/20,Captains Run,Max Velocity (km/hr),13.5
Danielle,28/6/20,Captains Run,Total Distance (m),1664
Danielle,28/6/20,Captains Run,Total Duration (min),25.1
Danielle,28/6/20,Captains Run,Total HIR (m),27.2
Danielle,28/6/20,Captains Run,Sprint Distance (m),5
Danielle,28/6/20,Captains Run,Metres per Minute (m/min),66.3
Danielle,28/6/20,Captains Run,Max Velocity (km/hr),13.4
Alyssa,14/6/20,Captains Run,Total Distance (m),1379
Alyssa,14/6/20,Captains Run,Total Duration (min),25.5
Alyssa,14/6/20,Captains Run,Total HIR (m),25
Alyssa,14/6/20,Captains Run,Sprint Distance (m),5
Alyssa,14/6/20,Captains Run,Metres per Minute (m/min),54.1
Alyssa,14/6/20,Captains Run,Max Velocity (km/hr),13
Mariah,28/6/20,Captains Run,Total Distance (m),1572.9
Mariah,28/6/20,Captains Run,Total Duration (min),25.1
Mariah,28/6/20,Captains Run,Total HIR (m),25
Mariah,28/6/20,Captains Run,Sprint Distance (m),5
Mariah,28/6/20,Captains Run,Metres per Minute (m/min),62.7
Mariah,28/6/20,Captains Run,Max Velocity (km/hr),12.6
Rachel,28/6/20,Captains Run,Total Distance (m),1333.6
Rachel,28/6/20,Captains Run,Total Duration (min),25.1
Rachel,28/6/20,Captains Run,Total HIR (m),25
Rachel,28/6/20,Captains Run,Sprint Distance (m),5
Rachel,28/6/20,Captains Run,Metres per Minute (m/min),53.1
Rachel,28/6/20,Captains Run,Max Velocity (km/hr),12.3